<?xml version="1.0" encoding="UTF-8"?>
<feature id="org.jboss.ide.eclipse.freemarker.feature" label="%featureName" version="1.0.2.GA-R200905070146-H18" provider-name="%providerName" plugin="org.jboss.ide.eclipse.freemarker">

     <description url="http://www.jboss.org/tools">
      %description
   </description>

     <copyright>
      %copyright
   </copyright>

     <license url="%licenseURL">
      %license
   </license>

     <url>
          <update label="%updateSiteName" url="http://download.jboss.org/jbosstools/updates/stable"/>
     </url>

     <plugin id="org.jboss.ide.eclipse.freemarker" download-size="0" install-size="0" version="1.0.2.GA-R200905070146-H18"/>

</feature>